scene_id,random_seed,strategy,source_candidate_count,reachable_count,reachability_rate,attempt_count,successful_observation_count,successful_observation_rate,planning_time_sec_total,execution_ik_time_sec_total,execution_motion_planning_time_sec_total,trajectory_execution_time_sec_total,sensor_settle_wait_time_sec_total,episode_wall_time_sec,replan_after_execution_failure_count,candidate_collision_rejection_count,candidate_collision_rejection_rate,candidate_collision_metric_scope,motion_cost_total,failure_codes,termination_reason
occlusion_light,17,coverage_nbv,24,16,0.6666666666666666,3,0,0.0,0.29884331399807706,0.1324631109891925,0.20009876300173346,133.6994284809989,0.0,134.3740258580001,2,0,0.0,p3_moveit_state_validity,0,EXECUTION_FAILED|EXECUTION_FAILED|EXECUTION_FAILED,MAX_FAILED_ATTEMPTS
occlusion_light,17,fixed_view,24,18,0.75,3,0,0.0,0.19734577299823286,0.14486118299828377,0.1501371969934553,126.34985216501082,0.0,126.99495657200168,2,0,0.0,p3_moveit_state_validity,0,EXECUTION_FAILED|EXECUTION_FAILED|EXECUTION_FAILED,MAX_FAILED_ATTEMPTS
occlusion_light,17,random_reachable,24,17,0.7083333333333334,3,0,0.0,0.19817894399602665,0.11185221299820114,0.2491481120014214,59.05001007700048,0.0,59.65088181500323,2,0,0.0,p3_moveit_state_validity,0,EXECUTION_FAILED|PLANNING_FAILED|PLANNING_FAILED,MAX_FAILED_ATTEMPTS
occlusion_light,18,coverage_nbv,24,20,0.8333333333333334,3,0,0.0,0.19915231699997094,0.11029609300021548,0.14999917800014373,97.54926300999796,0.0,98.13930927099864,2,0,0.0,p3_moveit_state_validity,0,EXECUTION_FAILED|EXECUTION_FAILED|EXECUTION_FAILED,MAX_FAILED_ATTEMPTS
occlusion_light,18,fixed_view,24,20,0.8333333333333334,3,0,0.0,0.19941483099682955,0.12060928800929105,0.25009179799235426,98.54937455400795,0.0,99.20151518400235,2,0,0.0,p3_moveit_state_validity,0,EXECUTION_FAILED|EXECUTION_FAILED|PLANNING_FAILED,MAX_FAILED_ATTEMPTS
occlusion_light,18,random_reachable,24,18,0.75,3,0,0.0,0.14920539000013378,0.13908904699928826,0.3015555670062895,121.09957207900152,0.0,121.83305824200215,2,0,0.0,p3_moveit_state_validity,0,EXECUTION_FAILED|PLANNING_FAILED|RESULT_TIMEOUT,MAX_FAILED_ATTEMPTS
occlusion_light,19,coverage_nbv,24,19,0.7916666666666666,3,0,0.0,0.14935776599304518,0.12904969299415825,0.14579277300072135,41.59979567999835,0.0,42.106046939996304,2,0,0.0,p3_moveit_state_validity,0,EXECUTION_FAILED|PLANNING_FAILED|PLANNING_FAILED,MAX_FAILED_ATTEMPTS
occlusion_light,19,fixed_view,24,18,0.75,3,0,0.0,0.29863141600071685,0.13319897800101899,0.19961994200275512,81.50027877699904,0.0,82.12069307000638,2,0,0.0,p3_moveit_state_validity,0,EXECUTION_FAILED|EXECUTION_FAILED|PLANNING_FAILED,MAX_FAILED_ATTEMPTS
occlusion_light,19,random_reachable,24,18,0.75,3,0,0.0,0.14881827599310782,0.1583227800001623,0.19957910499942955,66.09987210099644,0.0,66.74056078599824,2,0,0.0,p3_moveit_state_validity,0,EXECUTION_FAILED|EXECUTION_FAILED|PLANNING_FAILED,MAX_FAILED_ATTEMPTS
occlusion_light,20,coverage_nbv,24,19,0.7916666666666666,3,0,0.0,0.14898179400188383,0.11128576299961424,0.1498271790042054,76.499833563008,0.0,77.09138194700063,2,0,0.0,p3_moveit_state_validity,0,EXECUTION_FAILED|EXECUTION_FAILED|EXECUTION_FAILED,MAX_FAILED_ATTEMPTS
occlusion_light,20,fixed_view,24,16,0.6666666666666666,3,0,0.0,0.1487110819944064,0.16786743899865542,0.24920563000341645,65.4000818009954,0.0,66.04296495400195,2,0,0.0,p3_moveit_state_validity,0,EXECUTION_FAILED|PLANNING_FAILED|PLANNING_FAILED,MAX_FAILED_ATTEMPTS
occlusion_light,20,random_reachable,24,20,0.8333333333333334,3,0,0.0,0.14902380500279833,0.14229453100415412,0.29913197600399144,62.64998561699758,0.0,63.333316543001274,2,0,0.0,p3_moveit_state_validity,0,EXECUTION_FAILED|PLANNING_FAILED|PLANNING_FAILED,MAX_FAILED_ATTEMPTS
occlusion_light,21,coverage_nbv,24,20,0.8333333333333334,3,0,0.0,0.14939028099615825,0.14197658500779653,0.1992631680041086,88.74943517801148,0.0,89.42379348800023,2,0,0.0,p3_moveit_state_validity,0,EXECUTION_FAILED|EXECUTION_FAILED|EXECUTION_FAILED,MAX_FAILED_ATTEMPTS
occlusion_light,21,fixed_view,24,20,0.8333333333333334,3,0,0.0,0.14893274501082487,0.1316516250008135,0.1488937160029309,64.89973392600223,0.0,65.46184951999749,2,0,0.0,p3_moveit_state_validity,0,EXECUTION_FAILED|EXECUTION_FAILED|PLANNING_FAILED,MAX_FAILED_ATTEMPTS
occlusion_light,21,random_reachable,24,19,0.7916666666666666,3,0,0.0,0.1490366849975544,0.11255284099752316,0.149096938999719,43.54966061699815,0.0,44.04288290299883,2,0,0.0,p3_moveit_state_validity,0,EXECUTION_FAILED|PLANNING_FAILED|PLANNING_FAILED,MAX_FAILED_ATTEMPTS
occlusion_medium,17,coverage_nbv,24,18,0.75,3,0,0.0,0.19923947799543384,0.14062853399809683,0.14903128601145,42.04948822699953,0.0,42.57146640100109,2,0,0.0,p3_moveit_state_validity,0,EXECUTION_FAILED|PLANNING_FAILED|PLANNING_FAILED,MAX_FAILED_ATTEMPTS
occlusion_medium,17,fixed_view,24,17,0.7083333333333334,3,0,0.0,0.14908898700377904,0.15663980999670457,0.1991906819966971,60.34986945199489,0.0,60.9423537900002,2,0,0.0,p3_moveit_state_validity,0,EXECUTION_FAILED|PLANNING_FAILED|PLANNING_FAILED,MAX_FAILED_ATTEMPTS
occlusion_medium,17,random_reachable,24,15,0.625,3,0,0.0,0.19889016300294315,0.17835743199975695,0.14984415099752368,78.59984366300341,0.0,79.20653802300512,2,0,0.0,p3_moveit_state_validity,0,EXECUTION_FAILED|EXECUTION_FAILED|PLANNING_FAILED,MAX_FAILED_ATTEMPTS
occlusion_medium,18,coverage_nbv,24,15,0.625,3,0,0.0,0.1481008429909707,0.1429118490050314,0.1495125160072348,107.19959653100523,0.0,107.82586429899675,2,0,0.0,p3_moveit_state_validity,0,EXECUTION_FAILED|EXECUTION_FAILED|EXECUTION_FAILED,MAX_FAILED_ATTEMPTS
occlusion_medium,18,fixed_view,24,20,0.8333333333333334,3,0,0.0,0.1992582120001316,0.1445166440025787,0.24923388199385954,146.49985917499725,0.0,147.23583413800225,2,0,0.0,p3_moveit_state_validity,0,EXECUTION_FAILED|EXECUTION_FAILED|EXECUTION_FAILED,MAX_FAILED_ATTEMPTS
occlusion_medium,18,random_reachable,24,20,0.8333333333333334,3,0,0.0,0.14835116900212597,0.14766232300462434,0.20074459600436967,117.29950732699945,0.0,118.00854420099495,2,0,0.0,p3_moveit_state_validity,0,EXECUTION_FAILED|EXECUTION_FAILED|EXECUTION_FAILED,MAX_FAILED_ATTEMPTS
occlusion_medium,19,coverage_nbv,24,15,0.625,3,0,0.0,0.24878566699044313,0.09384115800639847,0.3492760949957301,91.89875590600423,0.0,92.69517455599998,2,0,0.0,p3_moveit_state_validity,0,EXECUTION_FAILED|EXECUTION_FAILED|PLANNING_FAILED,MAX_FAILED_ATTEMPTS
occlusion_medium,19,fixed_view,24,15,0.625,3,0,0.0,0.19862898700375808,0.1472992159979185,0.15040449200751027,130.69969655900059,0.0,131.33255916000053,2,0,0.0,p3_moveit_state_validity,0,EXECUTION_FAILED|EXECUTION_FAILED|EXECUTION_FAILED,MAX_FAILED_ATTEMPTS
occlusion_medium,19,random_reachable,24,15,0.625,3,0,0.0,0.14902263800468063,0.11644774500018684,0.20047543101100018,127.14940485999978,0.0,127.82379033399775,2,0,0.0,p3_moveit_state_validity,0,EXECUTION_FAILED|EXECUTION_FAILED|EXECUTION_FAILED,MAX_FAILED_ATTEMPTS
occlusion_medium,20,coverage_nbv,24,20,0.8333333333333334,3,0,0.0,0.248783415001526,0.11580954400415067,0.24773071999516105,63.89999838399672,0.0,64.53457316199638,2,0,0.0,p3_moveit_state_validity,0,EXECUTION_FAILED|PLANNING_FAILED|PLANNING_FAILED,MAX_FAILED_ATTEMPTS
occlusion_medium,20,fixed_view,24,18,0.75,3,0,0.0,0.19202353600849165,0.11249980299908202,0.15069890100130579,122.69912544299586,0.0,123.34857738300343,2,0,0.0,p3_moveit_state_validity,0,EXECUTION_FAILED|EXECUTION_FAILED|EXECUTION_FAILED,MAX_FAILED_ATTEMPTS
occlusion_medium,20,random_reachable,24,20,0.8333333333333334,3,0,0.0,0.24930974800372496,0.07258225000259699,0.2015788759890711,154.34589444699668,0.0,155.0878430590019,2,0,0.0,p3_moveit_state_validity,0,EXECUTION_FAILED|EXECUTION_FAILED|EXECUTION_FAILED,MAX_FAILED_ATTEMPTS
occlusion_medium,21,coverage_nbv,24,18,0.75,3,0,0.0,0.14827265799976885,0.09117692500876728,0.200340638992202,81.69918079600029,0.0,82.30905326599895,2,0,0.0,p3_moveit_state_validity,0,EXECUTION_FAILED|EXECUTION_FAILED|PLANNING_FAILED,MAX_FAILED_ATTEMPTS
occlusion_medium,21,fixed_view,24,20,0.8333333333333334,3,0,0.0,0.24795584699313622,0.11855012199521298,0.19938470300257904,73.34971677100111,0.0,73.98660604399629,2,0,0.0,p3_moveit_state_validity,0,EXECUTION_FAILED|EXECUTION_FAILED|PLANNING_FAILED,MAX_FAILED_ATTEMPTS
occlusion_medium,21,random_reachable,24,16,0.6666666666666666,3,0,0.0,0.19846450900513446,0.12069305300246924,0.19940207099716645,103.74948599900381,0.0,104.3664577410018,2,0,0.0,p3_moveit_state_validity,0,EXECUTION_FAILED|EXECUTION_FAILED|PLANNING_FAILED,MAX_FAILED_ATTEMPTS
occlusion_severe,17,coverage_nbv,24,18,0.75,3,0,0.0,0.24863065999670653,0.1126937720036949,0.20288406799954828,182.84876323300705,0.0,183.69594260599843,2,0,0.0,p3_moveit_state_validity,0,EXECUTION_FAILED|EXECUTION_FAILED|EXECUTION_FAILED,MAX_FAILED_ATTEMPTS
occlusion_severe,17,fixed_view,24,19,0.7916666666666666,3,0,0.0,0.1963960929933819,0.13952078400325263,0.15310349800711265,171.04887189599685,0.0,171.74954477100255,2,0,0.0,p3_moveit_state_validity,0,EXECUTION_FAILED|EXECUTION_FAILED|EXECUTION_FAILED,MAX_FAILED_ATTEMPTS
occlusion_severe,17,random_reachable,24,16,0.6666666666666666,3,0,0.0,0.14853792699432233,0.09943832900171401,0.2490645760044572,91.94927162999375,0.0,92.69031070899655,2,0,0.0,p3_moveit_state_validity,0,EXECUTION_FAILED|EXECUTION_FAILED|PLANNING_FAILED,MAX_FAILED_ATTEMPTS
occlusion_severe,18,coverage_nbv,24,17,0.7083333333333334,3,0,0.0,0.19906420599727426,0.14586687199334847,0.2008194890076993,164.39918549499998,0.0,165.096674815999,2,0,0.0,p3_moveit_state_validity,0,EXECUTION_FAILED|EXECUTION_FAILED|EXECUTION_FAILED,MAX_FAILED_ATTEMPTS
occlusion_severe,18,fixed_view,24,16,0.6666666666666666,3,0,0.0,0.1486597319963039,0.1327952799911145,0.19946751301176846,98.4996109499989,0.0,99.14159015999758,2,0,0.0,p3_moveit_state_validity,0,EXECUTION_FAILED|EXECUTION_FAILED|PLANNING_FAILED,MAX_FAILED_ATTEMPTS
occlusion_severe,18,random_reachable,24,22,0.9166666666666666,3,0,0.0,0.14910190800583223,0.1266117789928103,0.20203620900429087,168.49981349400332,0.0,169.18016940400412,2,0,0.0,p3_moveit_state_validity,0,EXECUTION_FAILED|EXECUTION_FAILED|RESULT_TIMEOUT,MAX_FAILED_ATTEMPTS
occlusion_severe,19,coverage_nbv,24,19,0.7916666666666666,3,0,0.0,0.14807669499714393,0.10729720099334372,0.1990634819958359,68.59868521399767,0.0,69.2085255580023,2,0,0.0,p3_moveit_state_validity,0,EXECUTION_FAILED|EXECUTION_FAILED|PLANNING_FAILED,MAX_FAILED_ATTEMPTS
occlusion_severe,19,fixed_view,24,19,0.7916666666666666,3,0,0.0,0.147883895006089,0.10714920500322478,0.30011625100451056,109.94967800800077,0.0,110.64452107100078,2,0,0.0,p3_moveit_state_validity,0,EXECUTION_FAILED|EXECUTION_FAILED|PLANNING_FAILED,MAX_FAILED_ATTEMPTS
occlusion_severe,19,random_reachable,24,19,0.7916666666666666,3,0,0.0,0.14877980799792567,0.13027582200447796,0.34990992099483265,44.6996482770046,0.0,45.47590332099935,2,0,0.0,p3_moveit_state_validity,0,EXECUTION_FAILED|PLANNING_FAILED|PLANNING_FAILED,MAX_FAILED_ATTEMPTS
occlusion_severe,20,coverage_nbv,24,16,0.6666666666666666,3,0,0.0,0.24798179500066908,0.13064659499650588,0.29904954999801703,199.59881440399477,0.0,200.4318929220026,2,0,0.0,p3_moveit_state_validity,0,EXECUTION_FAILED|EXECUTION_FAILED|EXECUTION_FAILED,MAX_FAILED_ATTEMPTS
occlusion_severe,20,fixed_view,24,18,0.75,3,0,0.0,0.14862910499505233,0.1283894610023708,0.1987909599993145,67.24961540799995,0.0,67.81079543899978,2,0,0.0,p3_moveit_state_validity,0,EXECUTION_FAILED|PLANNING_FAILED|PLANNING_FAILED,MAX_FAILED_ATTEMPTS
occlusion_severe,20,random_reachable,24,17,0.7083333333333334,3,0,0.0,0.29866741500154603,0.11686903399822768,0.1486887540013413,48.84962090899353,0.0,49.35348931099725,2,0,0.0,p3_moveit_state_validity,0,EXECUTION_FAILED|PLANNING_FAILED|PLANNING_FAILED,MAX_FAILED_ATTEMPTS
occlusion_severe,21,coverage_nbv,24,21,0.875,3,0,0.0,0.14842691700323485,0.11746951299573993,0.14937039900542004,86.09944642699702,0.0,86.69433638999908,2,0,0.0,p3_moveit_state_validity,0,EXECUTION_FAILED|EXECUTION_FAILED|EXECUTION_FAILED,MAX_FAILED_ATTEMPTS
occlusion_severe,21,fixed_view,24,19,0.7916666666666666,3,0,0.0,0.1976305880016298,0.1267076169970096,0.20000376199459424,90.64918208999734,0.0,91.27450916499947,2,0,0.0,p3_moveit_state_validity,0,EXECUTION_FAILED|EXECUTION_FAILED|PLANNING_FAILED,MAX_FAILED_ATTEMPTS
occlusion_severe,21,random_reachable,24,16,0.6666666666666666,3,0,0.0,0.14876063999690814,0.1468762699951185,0.19950611099920934,63.799073886999395,0.0,64.44029939400207,2,0,0.0,p3_moveit_state_validity,0,EXECUTION_FAILED|EXECUTION_FAILED|PLANNING_FAILED,MAX_FAILED_ATTEMPTS
